ID,–ù–∞–∑–≤–∞–Ω–∏–µ,–¢–∏–ø,–ö–∞—Å—Ç–∞,–§—Ä–∞–∫—Ü–∏—è,HP,ATK,Price,Corruption,Defend,Rage,ABL,Independence,–í_–∫–æ–ª–æ–¥–µ,–û–ø–∏—Å–∞–Ω–∏–µ
boss_gangster,–ë–æ—Å—Å-–ì–∞–Ω–≥—Å—Ç–µ—Ä,boss,gangsters,heads,12,2,0,12,1,1,authority: 1,0,‚úó,–°—Ç–∞—Ä—Ç–æ–≤—ã–π –ë–æ—Å—Å –∫–∞—Å—Ç—ã –≥–∞–Ω–≥—Å—Ç–µ—Ä–æ–≤
boss_authority,–ë–æ—Å—Å-–í–ª–∞—Å—Ç—å,boss,authorities,heads,12,2,0,12,1,1,authority: 1,0,‚úó,–°—Ç–∞—Ä—Ç–æ–≤—ã–π –ë–æ—Å—Å –∫–∞—Å—Ç—ã –≤–ª–∞—Å—Ç–µ–π
boss_loner,–ë–æ—Å—Å-–û–¥–∏–Ω–æ—á–∫–∞,boss,loners,heads,12,2,0,12,1,1,authority: 1,0,‚úó,–°—Ç–∞—Ä—Ç–æ–≤—ã–π –ë–æ—Å—Å –∫–∞—Å—Ç—ã –æ–¥–∏–Ω–æ—á–µ–∫
gangster_valkyrie,–í–∞–ª—å–∫–∏—Ä–∏—è,common,gangsters,stormers,3,3,2,3,0,1,rage: 1,0,‚úì,ABL: +1 ATK –∫–æ–≥–¥–∞ HP ‚â§ 2 (–±–µ—Ä—Å–µ—Ä–∫)
gangster_thief,–í–æ—Ä,common,gangsters,slippery,3,1,1,4,0,0,steal: 1,0,‚úì,ABL: –ü—Ä–∏ –≤—Ö–æ–¥–µ –∫—Ä–∞–¥—ë—Ç –¥–æ 1üí∞ –∏–∑ —Ä–µ–∑–µ—Ä–≤–∞ –æ–ø–ø–æ–Ω–µ–Ω—Ç–∞
gangster_racketeer,–†—ç–∫–µ—Ç–∏—Ä,common,gangsters,specialists,3,2,2,2,1,0,extort: 1,0,‚úì,ABL: –ü—Ä–∏ –≤—Ö–æ–¥–µ –ø–æ–ª—É—á–∞–µ—Ç 1üõ°Ô∏è + –º–æ–∂–µ—Ç –∑–∞—Å—Ç–∞–≤–∏—Ç—å –æ–ø–ø–æ–Ω–µ–Ω—Ç–∞ –∑–∞–ø–ª–∞—Ç–∏—Ç—å 1üí∞ –∏–ª–∏ –ø–æ—Ç–µ—Ä—è—Ç—å 1 HP
gangster_authority,–ê–≤—Ç–æ—Ä–∏—Ç–µ—Ç,common,gangsters,heads,6,1,5,2,2,0,authority: 1,0,‚úì,ABL: –£–≤–µ–ª–∏—á–∏–≤–∞–µ—Ç –∫–≤–æ—Ç—É –∑–∞—â–∏—Ç—ã –≤—Å–µ—Ö –∫–∞—Ä—Ç –∏–≥—Ä–æ–∫–∞ –Ω–∞ +1 –ø–æ–∫–∞ –Ω–∞ —Å—Ç–æ–ª–µ
gangster_fighter,–ë–æ–µ–≤–∏–∫,common,gangsters,stormers,4,2,2,1,0,1,assault: 1,0,‚úì,ABL: –ú–æ–∂–µ—Ç –∞—Ç–∞–∫–æ–≤–∞—Ç—å —Å—Ä–∞–∑—É –ø—Ä–∏ –≤—Ö–æ–¥–µ –Ω–∞ —Å—Ç–æ–ª + –ø–æ–ª—É—á–∞–µ—Ç +1 ATK –∑–∞ –∫–∞–∂–¥—É—é —É–Ω–∏—á—Ç–æ–∂–µ–Ω–Ω—É—é –∫–∞—Ä—Ç—É (–º–∞–∫—Å–∏–º—É–º +1)
gangster_guard,–û—Ö—Ä–∞–Ω–Ω–∏–∫,common,gangsters,healers,3,2,2,2,1,0,protect: 1,0,‚úì,ABL: –ú–æ–∂–µ—Ç –ø–µ—Ä–µ–Ω–∞–ø—Ä–∞–≤–∏—Ç—å —É—Ä–æ–Ω —Å –¥—Ä—É–≥–∏—Ö –∫–∞—Ä—Ç –Ω–∞ —Å–µ–±—è + –≤–æ—Å—Å—Ç–∞–Ω–∞–≤–ª–∏–≤–∞–µ—Ç 1üõ°Ô∏è —Å–æ—é–∑–Ω–∏–∫–∞–º –ø—Ä–∏ –±–ª–æ–∫–∏—Ä–æ–≤–∫–µ —É—Ä–æ–Ω–∞
authority_shieldbearer,–¢–µ–ª–æ—Ö—Ä–∞–Ω–∏—Ç–µ–ª–∏,common,authorities,healers,6,2,3,1,3,0,guard: 1,0,‚úì,ABL: –ú–æ–∂–µ—Ç –±–ª–æ–∫–∏—Ä–æ–≤–∞—Ç—å –∞—Ç–∞–∫–∏ –ø–æ –¥—Ä—É–≥–∏–º –∫–∞—Ä—Ç–∞–º + –ø–æ–ª—É—á–∞–µ—Ç +1üõ°Ô∏è –∑–∞ –∫–∞–∂–¥—ã–π –∑–∞–±–ª–æ–∫–∏—Ä–æ–≤–∞–Ω–Ω—ã–π —É—Ä–æ–Ω + –≤–æ—Å—Å—Ç–∞–Ω–∞–≤–ª–∏–≤–∞–µ—Ç 1üõ°Ô∏è –≤—Å–µ–º —Å–æ—é–∑–Ω–∏–∫–∞–º –≤ –Ω–∞—á–∞–ª–µ —Ö–æ–¥–∞
authority_financier,–§–∏–Ω–∞–Ω—Å–∏—Å—Ç–∫–∞,common,authorities,specialists,4,2,2,1,2,0,economy: 2,1,‚úì,ABL: –ü—Ä–∏ –≤—Ö–æ–¥–µ –ø–æ–ª—É—á–∞–µ—Ç 1üí∞ + –≤—Å–µ —ç–∫–æ–Ω–æ–º–∏—á–µ—Å–∫–∏–µ —ç—Ñ—Ñ–µ–∫—Ç—ã —É—Å–∏–ª–µ–Ω—ã –Ω–∞ +1
authority_investigator,–°–ª–µ–¥–æ–≤–∞—Ç–µ–ª—å,common,authorities,specialists,4,2,2,1,2,0,audit: 2,0,‚úì,ABL: –ü—Ä–∏ –≤—Ö–æ–¥–µ –æ–ø–ø–æ–Ω–µ–Ω—Ç —Ç–µ—Ä—è–µ—Ç 1üí∞ + –º–æ–∂–µ—Ç –∑–∞–º–æ—Ä–æ–∑–∏—Ç—å 1 –∫–∞—Ä—Ç—É –æ–ø–ø–æ–Ω–µ–Ω—Ç–∞ –Ω–∞ 1 —Ö–æ–¥
authority_swat,–°–ø–µ—Ü–Ω–∞–∑–æ–≤–µ—Ü,common,authorities,stormers,5,3,3,0,1,1,tactical: 1,0,‚úì,ABL: –ú–æ–∂–µ—Ç –∞—Ç–∞–∫–æ–≤–∞—Ç—å 2 —Ü–µ–ª–∏ –∑–∞ —Ä–∞–∑ + –ø–æ–ª—É—á–∞–µ—Ç +1 ATK –µ—Å–ª–∏ –Ω–∞ –ø–æ–ª–µ –µ—Å—Ç—å –¥—Ä—É–≥–∏–µ Authorities
authority_prosecutor,–ü—Ä–æ–∫—É—Ä–æ—Ä,common,authorities,heads,5,2,3,1,2,0,authority: 1,0,‚úì,ABL: –£–≤–µ–ª–∏—á–∏–≤–∞–µ—Ç –∫–≤–æ—Ç—É –∑–∞—â–∏—Ç—ã –≤—Å–µ—Ö –∫–∞—Ä—Ç –∏–≥—Ä–æ–∫–∞ –Ω–∞ +1 –ø–æ–∫–∞ –Ω–∞ —Å—Ç–æ–ª–µ + –º–æ–∂–µ—Ç –∑–∞—Å—Ç–∞–≤–∏—Ç—å –æ–ø–ø–æ–Ω–µ–Ω—Ç–∞ —Å–±—Ä–æ—Å–∏—Ç—å –∫–∞—Ä—Ç—É –∏–∑ —Ä—É–∫–∏
loner_hacker,–•–∞–∫–µ—Ä,common,loners,specialists,3,2,2,3,1,0,tech: 2,0,‚úì,ABL: –ú–æ–∂–µ—Ç –≤–∑—è—Ç—å –¥–æ–ø–æ–ª–Ω–∏—Ç–µ–ª—å–Ω—É—é –∫–∞—Ä—Ç—É –∏–∑ –∫–æ–ª–æ–¥—ã 1 —Ä–∞–∑ –∑–∞ –∏–≥—Ä—É + —Å–Ω–∏–º–∞–µ—Ç 1üõ°Ô∏è –ø—Ä–∏ –≤—Ö–æ–¥–µ
loner_nurse,–ú–µ–¥—Å–µ—Å—Ç—Ä–∞,common,loners,healers,3,1,2,2,2,0,heal: 2,0,‚úì,ABL: –í –Ω–∞—á–∞–ª–µ —Ö–æ–¥–∞ –≤–æ—Å—Å—Ç–∞–Ω–∞–≤–ª–∏–≤–∞–µ—Ç 1 HP –ª—é–±–æ–π –∫–∞—Ä—Ç–µ + –º–æ–∂–µ—Ç –¥–∞—Ç—å 1üõ°Ô∏è —Å–æ—é–∑–Ω–∏–∫—É
loner_sniper,–°–Ω–∞–π–ø–µ—Ä,common,loners,stormers,4,3,3,4,0,1,precision: 2,0,‚úì,ABL: –ê—Ç–∞–∫–∏ –∏–≥–Ω–æ—Ä–∏—Ä—É—é—Ç –≤—Å—é üõ°Ô∏è + –º–æ–∂–µ—Ç –∞—Ç–∞–∫–æ–≤–∞—Ç—å –∫–∞—Ä—Ç—ã –≤ —Ä—É–∫–µ –æ–ø–ø–æ–Ω–µ–Ω—Ç–∞
loner_trader,–¢–æ—Ä–≥–æ–≤–∫–∞,common,loners,slippery,4,2,1,3,1,0,trade: 3,0,‚úì,ABL: –°–∫–∏–¥–∫–∞ 1üí∞ –Ω–∞ –ø–æ–∫—É–ø–∫–∏ + –ø–æ–ª—É—á–∞–µ—Ç 1üí∞ –∑–∞ –∫–∞–∂–¥—É—é –∫—É–ø–ª–µ–Ω–Ω—É—é –∫–∞—Ä—Ç—É + –º–æ–∂–µ—Ç –ø—Ä–æ–¥–∞—Ç—å –∫–∞—Ä—Ç—É –∏–∑ —Ä—É–∫–∏ –∑–∞ 1üí∞
loner_mechanic,–ú–µ—Ö–∞–Ω–∏–∫,common,loners,specialists,4,2,2,1,2,0,repair: 2,1,‚úì,ABL: –ú–æ–∂–µ—Ç –≤–æ—Å—Å—Ç–∞–Ω–æ–≤–∏—Ç—å 1 –∫–∞—Ä—Ç—É –∏–∑ –±–æ–ª–æ—Ç–∞ + –≤—Å–µ –≤–æ—Å—Å—Ç–∞–Ω–æ–≤–ª–µ–Ω–Ω—ã–µ –∫–∞—Ä—Ç—ã –ø–æ–ª—É—á–∞—é—Ç +1 HP
loner_driver,–í–æ–¥–∏—Ç–µ–ª—å,common,loners,slippery,3,2,1,0,2,0,escape: 2,0,‚úì,ABL: –ó–∞—â–∏—â—ë–Ω –æ—Ç –ø–æ–¥–∫—É–ø–∞ + –º–æ–∂–µ—Ç –ø–µ—Ä–µ–º–µ—Å—Ç–∏—Ç—å –ª—é–±—É—é –∫–∞—Ä—Ç—É –≤ –±–µ–∑–æ–ø–∞—Å–Ω–æ—Å—Ç—å –Ω–∞ 1 —Ö–æ–¥
solo_informant,–ò–Ω—Ñ–æ—Ä–º–∞—Ç–æ—Ä—à–∞,common,solo,specialists,3,1,1,4,1,0,intel: 2,0,‚úì,ABL: –ü–æ–∑–≤–æ–ª—è–µ—Ç –ø–æ—Å–º–æ—Ç—Ä–µ—Ç—å –≤–µ—Ä—Ö–Ω–∏–µ 3 –∫–∞—Ä—Ç—ã –∫–æ–ª–æ–¥—ã –∏ –≤—ã–±—Ä–∞—Ç—å –ø–æ—Ä—è–¥–æ–∫ + –ø–æ–ª—É—á–∞–µ—Ç 1üõ°Ô∏è
solo_broker,–ë—Ä–æ–∫–µ—Ä—à–∞,common,solo,slippery,4,3,2,4,2,0,economy: 3,0,‚úì,ABL: –£—Å–∏–ª–∏–≤–∞–µ—Ç —ç–∫–æ–Ω–æ–º–∏—á–µ—Å–∫–∏–µ —ç—Ñ—Ñ–µ–∫—Ç—ã –Ω–∞ +3 + –ø–æ–ª—É—á–∞–µ—Ç 1üí∞ –ø—Ä–∏ –≤—Ö–æ–¥–µ + –ø–æ–ª—É—á–∞–µ—Ç +1üõ°Ô∏è –∑–∞ –∫–∞–∂–¥—ã–µ 2üí∞ –ø–æ—Ç—Ä–∞—á–µ–Ω–Ω—ã–µ –≤ —Ö–æ–¥—É
solo_killer,–ö–∏–ª–ª–µ—Ä,common,solo,stormers,4,4,3,4,1,2,lethal: 1,0,‚úì,ABL: –ê—Ç–∞–∫–∏ –Ω–∞–Ω–æ—Å—è—Ç +1 —É—Ä–æ–Ω + –∏–≥–Ω–æ—Ä–∏—Ä—É—é—Ç –ø–µ—Ä–≤—ã–π üõ°Ô∏è
solo_agent,–ê–≥–µ–Ω—Ç–∫–∞ –ü—Ä–æ—Å—Ç–∏—Ç—É—Ç–∫–∞,common,solo,slippery,2,1,2,2,1,1,seduce: 2,0,‚úì,ABL: +1 ATK –≤—Å–µ–º –∫–∞—Ä—Ç–∞–º + –º–æ–∂–µ—Ç –ø–æ–¥–∫—É–ø–∏—Ç—å –∫–∞—Ä—Ç—É –æ–ø–ø–æ–Ω–µ–Ω—Ç–∞ –∑–∞ 2üí∞
solo_commissar,–ö–æ–º–∏—Å—Å–∞—Ä,common,solo,specialists,5,3,3,2,2,1,discipline: 2,0,‚úì,ABL: –í—Å–µ –∫–∞—Ä—Ç—ã –∏–≥—Ä–æ–∫–∞ –ø–æ–ª—É—á–∞—é—Ç +1 –∫ –º–∞–∫—Å–∏–º–∞–ª—å–Ω–æ–π –∫–≤–æ—Ç–µ –∑–∞—â–∏—Ç—ã + —Å–æ–ø—Ä–æ—Ç–∏–≤–ª–µ–Ω–∏–µ –∫–æ—Ä—Ä—É–ø—Ü–∏–∏
solo_hacker,–•–∞–∫–µ—Ä—à–∞,common,solo,slippery,3,2,2,2,1,0,hack: 2,0,‚úì,ABL: –°–Ω–∏–º–∞–µ—Ç –¥–æ 2üõ°Ô∏è —Å –∫–∞—Ä—Ç –æ–ø–ø–æ–Ω–µ–Ω—Ç–∞ –∑–∞ —Ö–æ–¥ + –ø–æ–ª—É—á–∞–µ—Ç +1 ATK –∑–∞ –∫–∞–∂–¥—É—é –≤–∑–ª–æ–º–∞–Ω–Ω—É—é –∑–∞—â–∏—Ç—É
solo_watchman,–î–æ–∑–æ—Ä–Ω–∞—è,common,solo,specialists,4,2,2,2,3,0,guard: 2,0,‚úì,ABL: –ü—Ä–µ–¥–æ—Ç–≤—Ä–∞—â–∞–µ—Ç –ø–µ—Ä–≤—ã–µ 2 –∞—Ç–∞–∫–∏ –ø–æ —Ä—É–∫–µ –∑–∞ —Ö–æ–¥ + –∫–æ–Ω—Ç—Ä–∞—Ç–∞–∫—É–µ—Ç –ø—Ä–∏ –±–ª–æ–∫–µ
unique_gangster,–ö—Ä–µ—Å—Ç–Ω—ã–π –æ—Ç–µ—Ü,unique,gangsters,heads,8,2,5,1,3,2,authority: 2; anti_corruption: all,0,‚úì,ABL: +2 Authority –¥–ª—è –≤—Å–µ—Ö –∫–∞—Ä—Ç + –≤—Å–µ –∫–∞—Ä—Ç—ã –∏–≥—Ä–æ–∫–∞ –∑–∞—â–∏—â–µ–Ω—ã –æ—Ç –ø–æ–¥–∫—É–ø–∞
unique_authority,–ì–µ–Ω–µ—Ä–∞–ª,unique,authorities,heads,8,3,4,1,2,3,authority: 2; discipline: all,0,‚úì,ABL: +2 Authority –¥–ª—è –≤—Å–µ—Ö –∫–∞—Ä—Ç + –≤—Å–µ –∫–∞—Ä—Ç—ã –ø–æ–ª—É—á–∞—é—Ç +1 –∫ –º–∞–∫—Å–∏–º–∞–ª—å–Ω–æ–π –∑–∞—â–∏—Ç–µ
unique_loner,–õ–µ–≥–µ–Ω–¥–∞,unique,loners,heads,7,3,4,6,2,2,legend: 1; inspire: all,0,‚úì,ABL: –í—Å–µ –∫–∞—Ä—Ç—ã –∏–≥—Ä–æ–∫–∞ –ø–æ–ª—É—á–∞—é—Ç +1 ATK –∏ –º–æ–≥—É—Ç –∏—Å–ø–æ–ª—å–∑–æ–≤–∞—Ç—å —Å–ø–æ—Å–æ–±–Ω–æ—Å—Ç–∏ –¥–≤–∞–∂–¥—ã –∑–∞ —Ö–æ–¥
event_safe,–°–µ–π—Ñ –≤—Å–∫—Ä—ã—Ç,event,n/a,n/a,0,0,0,0,0,0,,0,‚úì,–í–æ–∑–≤—Ä–∞—â–∞–µ—Ç –¥–æ 2 –∂–µ—Ç–æ–Ω–æ–≤ –∏–∑ –æ—Ç–±–æ—è –≤ —Ä–µ–∑–µ—Ä–≤
event_raid,–†–µ–π–¥,event,n/a,n/a,0,0,0,0,0,0,,0,‚úì,–°–Ω–∏–º–∞–µ—Ç 1 –ë—Ä–∞—Ç–∫–∞ —Å –ø–µ—Ä–≤–æ–≥–æ —Å–ª–æ—Ç–∞ –æ–ø–ø–æ–Ω–µ–Ω—Ç–∞
event_audit,–ê—É–¥–∏—Ç,event,n/a,n/a,0,0,0,0,0,0,,0,‚úì,–®—Ç—Ä–∞—Ñ –ø–æ —ç–∫–æ–Ω–æ–º–∏–∫–µ
event_crash,–û–±–≤–∞–ª —Ä—ã–Ω–∫–∞,event,n/a,n/a,0,0,0,0,0,0,,0,‚úì,–≠–∫–æ–Ω–æ–º–∏—á–µ—Å–∫–∏–π –∫—Ä–∏–∑–∏—Å
event_blackout,–û—Ç–∫–ª—é—á–µ–Ω–∏–µ,event,n/a,n/a,0,0,0,0,0,0,,0,‚úì,–ë–ª–æ–∫–∏—Ä—É–µ—Ç —Å–ø–æ—Å–æ–±–Ω–æ—Å—Ç–∏ –∫–∞—Ä—Ç
event_roundup,–û–±–ª–∞–≤–∞,event,n/a,n/a,0,0,0,0,0,0,,0,‚úì,–ú–∞—Å—Å–æ–≤—ã–µ –∞—Ä–µ—Å—Ç—ã
event_war,–í–æ–π–Ω–∞ –±–∞–Ω–¥,event,n/a,n/a,0,0,0,0,0,0,,0,‚úì,–ö–æ–Ω—Ñ–ª–∏–∫—Ç –º–µ–∂–¥—É –≥—Ä—É–ø–ø–∏—Ä–æ–≤–∫–∞–º–∏
event_bonus,–ü—Ä–µ–º–∏—è,event,n/a,n/a,0,0,0,0,0,0,,0,‚úì,–î–æ–ø–æ–ª–Ω–∏—Ç–µ–ª—å–Ω–∞—è —Å—É–º–º–∞ –¥–µ–Ω–µ–≥
event_recruit,–í–µ—Ä–±–æ–≤–∫–∞,event,n/a,n/a,0,0,0,0,0,0,,0,‚úì,–ú–∞–Ω–∏–ø—É–ª—è—Ü–∏—è —Å –ë—Ä–∞—Ç–∫–∞–º–∏
event_disruption,–°—Ä—ã–≤ –ø–æ—Å—Ç–∞–≤–∫–∏,event,n/a,n/a,0,0,0,0,0,0,,0,‚úì,–í—Ä–µ–º–µ–Ω–Ω—ã–µ –æ–≥—Ä–∞–Ω–∏—á–µ–Ω–∏—è
token_gangster,–ñ–µ—Ç–æ–Ω-–ë—Ä–∞—Ç–∫–∞ (–ì–∞–Ω–≥—Å—Ç–µ—Ä—ã),token,gangsters,n/a,1,0.25,0,3,0,0,,0,‚úó,–ó–∞—â–∏—Ç–Ω–∞—è –µ–¥–∏–Ω–∏—Ü–∞ –∫–∞—Å—Ç—ã –≥–∞–Ω–≥—Å—Ç–µ—Ä–æ–≤
token_authority,–ñ–µ—Ç–æ–Ω-–ë—Ä–∞—Ç–∫–∞ (–í–ª–∞—Å—Ç–∏),token,authorities,n/a,1,0.25,0,2,0,0,,0,‚úó,–ó–∞—â–∏—Ç–Ω–∞—è –µ–¥–∏–Ω–∏—Ü–∞ –∫–∞—Å—Ç—ã –≤–ª–∞—Å—Ç–µ–π
token_loner,–ñ–µ—Ç–æ–Ω-–ë—Ä–∞—Ç–∫–∞ (–û–¥–∏–Ω–æ—á–∫–∏),token,loners,n/a,1,0.25,0,3,0,0,,0,‚úó,–ó–∞—â–∏—Ç–Ω–∞—è –µ–¥–∏–Ω–∏—Ü–∞ –∫–∞—Å—Ç—ã –æ–¥–∏–Ω–æ—á–µ–∫
token_money,–ñ–µ—Ç–æ–Ω-–î–µ–Ω—å–≥–∏,token,n/a,n/a,0,0,0,0,0,0,,0,‚úó,–î–µ–Ω–µ–∂–Ω–∞—è –µ–¥–∏–Ω–∏—Ü–∞ –¥–ª—è –ø–æ–∫—É–ø–æ–∫ –∏ —É—Å–∏–ª–µ–Ω–∏–π